Название дивана,Цена,Ссылка на диван
Диван Нумо Velvet Yellow,41 790,https://www.divan.ru/krasnodar/product/divan-numo-velvet-yellow
Диван Нумо Мини Textile Light,27 490,https://www.divan.ru/krasnodar/product/divan-numo-mini-textile-light
Диван Льери Мини Velvet Light,71 490,https://www.divan.ru/krasnodar/product/divan-leri-mini-velvet-light
Диван угловой Онте Bucle Mint,120 990,https://www.divan.ru/krasnodar/product/divan-uglovoj-onte-bucle-mint
Диван угловой Эби-1 Velvet Coral,80 290,https://www.divan.ru/krasnodar/product/divan-uglovoj-ebi-1-velvet-coral
Диван Терм Velvet Beige,76 990,https://www.divan.ru/krasnodar/product/divan-term-velvet-beige
Диван Слипсон Velvet Silver,65 990,https://www.divan.ru/krasnodar/product/divan-slipson-velvet-silver
Диван Маре Мини Velvet Beige,30 790,https://www.divan.ru/krasnodar/product/divan-mare-mini-velvet-beige
Модульный диван Этен 1 Vertical Milk,127 550,https://www.divan.ru/krasnodar/product/modulnyj-divan-eten-1-vertical-milk
Диван Спейс Soft Navy Blue,71 490,https://www.divan.ru/krasnodar/product/divan-spejs-soft-navy-blue
Кресло Витио Velvet Yellow,24 190,https://www.divan.ru/krasnodar/product/kreslo-vitio-velvet-yellow-new
Диван Эби Мини Linia Mint,62 690,https://www.divan.ru/krasnodar/product/divan-abi-mini-linia-mint
Пуф Дзен Velvet Smoke,7690,https://www.divan.ru/krasnodar/product/puf-dzen-velvet-smoke
Диван Льери Barhat Blue,87 990,https://www.divan.ru/krasnodar/product/divan-leri-barhat-blue
Диван угловой Маркфул Velvet Light,87 990,https://www.divan.ru/krasnodar/product/divan-uglovoj-markful-velvet-light
Диван Сваут Velvet Moss,73 690,https://www.divan.ru/krasnodar/product/divan-svaut-velvet-moss
Диван Эби Velvet Blue,71 490,https://www.divan.ru/krasnodar/product/divan-ebi-velvet-blue
Диван Спейс-2 Velvet Beige,98 990,https://www.divan.ru/krasnodar/product/divan-spejs-2-velvet-beige
Модульный диван Риббл-1 Bucle Lilac,84 680,https://www.divan.ru/krasnodar/product/modulnyj-divan-ribbl-1-bucle-lilac
Кресло Кальдера Bucle Cloud,40 690,https://www.divan.ru/krasnodar/product/kreslo-kaldera-bucle-cloud
Кресло Тилар Cozy Milk,25 290,https://www.divan.ru/krasnodar/product/kreslo-tilar-cozy-milk
Диван угловой Дарол Velvet Silver,71 490,https://www.divan.ru/krasnodar/product/divan-uglovoj-darol-velvet-silver
Диван Дисент Velvet Beige,87 990,https://www.divan.ru/krasnodar/product/divan-disent-velvet-beige
Диван Тилар Textile Grafit,32 990,https://www.divan.ru/krasnodar/product/divan-tilar-textile-grafit
Диван угловой Эдвин Velvet Terra,76 990,https://www.divan.ru/krasnodar/product/divan-uglovoj-edvin-velvet-terra
Диван Ольен Velvet Navy Blue,71 490,https://www.divan.ru/krasnodar/product/divan-olen-velvet-navy-blue
Диван угловой Вильен мини Velvet Caramel,65 990,https://www.divan.ru/krasnodar/product/divan-uglovoj-vilen-mini-velvet-caramel
Кресло Пайл Barhat Olive,26 390,https://www.divan.ru/krasnodar/product/kreslo-pajl-barhat-olive
Диван Бонс-Т Velvet Mint,49 490,https://www.divan.ru/krasnodar/product/divan-bons-t-velvet-mint
Диван Клаймар Velvet Smoke,63 790,https://www.divan.ru/krasnodar/product/divan-klajmar-velvet-smoke
Диван угловой Дисент-1 Soft Toffe,106 690,https://www.divan.ru/krasnodar/product/divan-uglovoj-disent-1-soft-toffe
Диван Виена Velvet Smoke,71 490,https://www.divan.ru/krasnodar/product/divan-viena-time-grey
Диван Кейсес Velvet Grafit,29 690,https://www.divan.ru/krasnodar/product/divan-kejses-velvet-grafit
Диван угловой Аллаум Linia Lavender,58 290,https://www.divan.ru/krasnodar/product/divan-uglovoj-allaum-linia-lavender
Диван Ольен Мини Velvet Silver,60 490,https://www.divan.ru/krasnodar/product/divan-olen-mini-velvet-silver
Диван угловой Нумо Velvet Green,52 790,https://www.divan.ru/krasnodar/product/divan-uglovoj-numo-velvet-green
Диван Бруквиль Velvet Terra,54 990,https://www.divan.ru/krasnodar/product/divan-brukvil-velvet-terra
Диван Слипсон Мини Linia Beige,49 490,https://www.divan.ru/krasnodar/product/divan-slipson-mini-linia-beige
Диван угловой Аронт Мини Velvet Pink,64 890,https://www.divan.ru/krasnodar/product/divan-uglovoj-aront-mini-velvet-pink
Диван Динс Мини Velvet Yellow,54 990,https://www.divan.ru/krasnodar/product/divan-dins-mini-velvet-yellow
Кушетка Ринт Bucle Blue,23 090,https://www.divan.ru/krasnodar/product/kushetka-rint-bucle-blue
Диван Бонент Velvet Eclipse,84 690,https://www.divan.ru/krasnodar/product/divan-bonent-velvet-eclipse
Диван Роттердам Cozy Milk,30 790,https://www.divan.ru/krasnodar/product/divan-rotterdam-cozy-milk
Диван Лофт Linia Nut,50 590,https://www.divan.ru/krasnodar/product/divan-loft-linia-nut
Кресло-кровать Види Textile Navy Blue,23 090,https://www.divan.ru/krasnodar/product/kreslo-krovat-vidi-textile-navy-blue
Диван Види Textile Light,28 590,https://www.divan.ru/krasnodar/product/divan-vidi-textile-light
Модульный диван Этен 4 Vertical Mix,224 320,https://www.divan.ru/krasnodar/product/modulnyj-divan-eten-4-vertical-mix
Кресло поворотное Теоп Bucle Forest,39 590,https://www.divan.ru/krasnodar/product/kreslo-povorotnoe-teop-bucle-forest
